{"Depletion step interval or Cumulative time (end of step) (d)": [0.041666666666666664, 0.08333333333333334, 0.125, 0.16666666666666666, 0.20833333333333334, 0.25000000000000006, 0.2916666666666667, 0.33333333333333337, 0.37500000000000006, 0.41666666666666674, 0.4583333333333334, 0.5, 0.5416666666666666, 0.5833333333333334, 0.625, 0.6666666666666667, 0.7083333333333334, 0.75, 0.7916666666666667, 0.8333333333333334, 0.875], "Reactor power or power step list during depletion step (W)": [1250000000.0, 1250000000.0, 1250000000.0, 1250000000.0, 1250000000.0, 1250000000.0, 1250000000.0, 1250000000.0, 1250000000.0, 1250000000.0, 1250000000.0, 1250000000.0, 1250000000.0, 1250000000.0, 1250000000.0, 1250000000.0, 1250000000.0, 1250000000.0, 1250000000.0, 1250000000.0, 1250000000.0]}